ref_clip,target_clip,sub,dim,test_acc_random,test_f1_random,test_acc_not_align,test_f1_not_align,test_acc_align,test_f1_align
SP,CI,sub-01,1,0.4034334763948498,0.231943405389088,0.2918454935622318,0.13186374459954658,0.2918454935622318,0.13186374459954658
SP,CI,sub-02,1,0.34334763948497854,0.175513170343759,0.34334763948497854,0.175513170343759,0.34334763948497854,0.175513170343759
SP,CI,sub-19,1,0.13304721030042918,0.03124593575237352,0.34334763948497854,0.175513170343759,0.34334763948497854,0.175513170343759
SP,CI,sub-25,1,0.34334763948497854,0.175513170343759,0.26609442060085836,0.11184985815086927,0.26609442060085836,0.11184985815086927
SP,CI,sub-30,1,0.4721030042918455,0.30280659167407,0.18454935622317598,0.057504509547801216,0.18454935622317598,0.057504509547801216
SP,CI,sub-43,1,0.4334763948497854,0.26216237053789415,0.24892703862660945,0.09922864769995429,0.24892703862660945,0.09922864769995429
SP,MO,sub-01,1,0.4721030042918455,0.30280659167407,0.06866952789699571,0.008824999569091817,0.06866952789699571,0.008824999569091817
SP,MO,sub-02,1,0.3133047210300429,0.1494852590535499,0.3133047210300429,0.1494852590535499,0.3133047210300429,0.1494852590535499
SP,MO,sub-19,1,0.0944206008583691,0.016292182108895062,0.22746781115879827,0.08430625168822593,0.22746781115879827,0.08430625168822593
SP,MO,sub-25,1,0.02575107296137339,0.001292940901826279,0.3776824034334764,0.2070782025055821,0.3776824034334764,0.2070782025055821
SP,MO,sub-30,1,0.06866952789699571,0.008824999569091817,0.6652360515021459,0.5315030308393434,0.6652360515021459,0.5315030308393434
SP,MO,sub-43,1,0.6781115879828327,0.5480390327431589,0.06437768240343347,0.007787622871383081,0.06437768240343347,0.007787622871383081
CI,SP,sub-01,1,0.3261802575107296,0.16045112990819063,0.18454935622317598,0.057504509547801216,0.18454935622317598,0.057504509547801216
CI,SP,sub-02,1,0.12875536480686695,0.029373847484456338,0.1759656652360515,0.05266125747940228,0.1759656652360515,0.05266125747940228
CI,SP,sub-19,1,0.3562231759656652,0.18712989623512793,0.3562231759656652,0.18712989623512793,0.3562231759656652,0.18712989623512793
CI,SP,sub-25,1,0.39914163090128757,0.22773111456331133,0.33905579399141633,0.17170133157257622,0.33905579399141633,0.17170133157257622
CI,SP,sub-30,1,0.5107296137339056,0.34532286383144756,0.5107296137339056,0.34532286383144756,0.5107296137339056,0.34532286383144756
CI,SP,sub-43,1,0.44206008583690987,0.27102493357858165,0.13304721030042918,0.03124593575237352,0.13304721030042918,0.03124593575237352
CI,MO,sub-01,1,0.2317596566523605,0.08721269309566179,0.06866952789699571,0.008824999569091817,0.06866952789699571,0.008824999569091817
CI,MO,sub-02,1,0.21888412017167383,0.07861331076588285,0.19742489270386265,0.06510068146507299,0.19742489270386265,0.06510068146507299
CI,MO,sub-19,1,0.22746781115879827,0.08430625168822593,0.22746781115879827,0.08430625168822593,0.22746781115879827,0.08430625168822593
CI,MO,sub-25,1,0.02575107296137339,0.001292940901826279,0.3776824034334764,0.2070782025055821,0.3776824034334764,0.2070782025055821
CI,MO,sub-30,1,0.06866952789699571,0.008824999569091817,0.06866952789699571,0.008824999569091817,0.06866952789699571,0.008824999569091817
CI,MO,sub-43,1,0.6781115879828327,0.5480390327431589,0.1459227467811159,0.037163845622156855,0.1459227467811159,0.037163845622156855
MO,SP,sub-01,1,0.4291845493562232,0.25776849811184577,0.3261802575107296,0.16045112990819063,0.3261802575107296,0.16045112990819063
MO,SP,sub-02,1,0.12875536480686695,0.029373847484456338,0.1759656652360515,0.05266125747940228,0.1759656652360515,0.05266125747940228
MO,SP,sub-19,1,0.16738197424892703,0.047999242615501134,0.16738197424892703,0.047999242615501134,0.16738197424892703,0.047999242615501134
MO,SP,sub-25,1,0.33905579399141633,0.17170133157257622,0.33905579399141633,0.17170133157257622,0.33905579399141633,0.17170133157257622
MO,SP,sub-30,1,0.2532188841201717,0.10232817919924746,0.2532188841201717,0.10232817919924746,0.2532188841201717,0.10232817919924746
MO,SP,sub-43,1,0.44206008583690987,0.27102493357858165,0.44206008583690987,0.27102493357858165,0.44206008583690987,0.27102493357858165
MO,CI,sub-01,1,0.4034334763948498,0.231943405389088,0.2017167381974249,0.06771919068056406,0.2017167381974249,0.06771919068056406
MO,CI,sub-02,1,0.2145922746781116,0.07582765889685923,0.3218884120171674,0.15676383702134775,0.3218884120171674,0.15676383702134775
MO,CI,sub-19,1,0.10300429184549356,0.01923815567542292,0.10300429184549356,0.01923815567542292,0.10300429184549356,0.01923815567542292
MO,CI,sub-25,1,0.26609442060085836,0.11184985815086927,0.26609442060085836,0.11184985815086927,0.26609442060085836,0.11184985815086927
MO,CI,sub-30,1,0.18454935622317598,0.057504509547801216,0.18454935622317598,0.057504509547801216,0.18454935622317598,0.057504509547801216
MO,CI,sub-43,1,0.4334763948497854,0.26216237053789415,0.4334763948497854,0.26216237053789415,0.4334763948497854,0.26216237053789415
SP,CI,sub-01,2,0.40772532188841204,0.24105975231926416,0.017167381974248927,0.016986672690309464,0.41201716738197425,0.4069136253411662
SP,CI,sub-02,2,0.33476394849785407,0.1739033498690151,0.48068669527896996,0.450534082613768,0.5708154506437768,0.5011319226808574
SP,CI,sub-19,2,0.0,0.0,0.12875536480686695,0.10050522782997748,0.33476394849785407,0.33217384523563165
SP,CI,sub-25,2,0.1759656652360515,0.12943715398454378,0.017167381974248927,0.01881356928684814,0.5793991416309013,0.5490866296879287
SP,CI,sub-30,2,0.4721030042918455,0.30819780695610094,0.27896995708154504,0.15690581595755468,0.12446351931330472,0.11283677713375515
SP,CI,sub-43,2,0.06437768240343347,0.04267320662170447,0.02575107296137339,0.03473400538975945,0.0,0.0
SP,MO,sub-01,2,0.4721030042918455,0.30280659167407,0.017167381974248927,0.020638382701282862,0.5150214592274678,0.4838609111823338
SP,MO,sub-02,2,0.3133047210300429,0.171964245377392,0.030042918454935622,0.03904991475101417,0.4334763948497854,0.40851801488964734
SP,MO,sub-19,2,0.40772532188841204,0.4097759042803231,0.2532188841201717,0.2486465792395793,0.3948497854077253,0.43068816620849937
SP,MO,sub-25,2,0.02575107296137339,0.001303851795512577,0.030042918454935622,0.04940244305051172,0.7854077253218884,0.7737014416198965
SP,MO,sub-30,2,0.06866952789699571,0.00886058424477364,0.6394849785407726,0.6156532402100605,0.3218884120171674,0.3832182577146244
SP,MO,sub-43,2,0.6266094420600858,0.5224500888944251,0.0,0.0,0.6523605150214592,0.6844660896945365
CI,SP,sub-01,2,0.1888412017167382,0.13634743806262686,0.008583690987124463,0.009644596614746589,0.2532188841201717,0.2542797897477938
CI,SP,sub-02,2,0.6223175965665236,0.5569985621189697,0.6995708154506438,0.6139501381406566,0.5665236051502146,0.5087150740124375
CI,SP,sub-19,2,0.017167381974248927,0.015832141154029568,0.0,0.0,0.34334763948497854,0.349666921193291
CI,SP,sub-25,2,0.2575107296137339,0.29842023559492287,0.012875536480686695,0.017353983952229896,0.8068669527896996,0.768988004363899
CI,SP,sub-30,2,0.5107296137339056,0.34532286383144756,0.3562231759656652,0.26465366055943196,0.1459227467811159,0.18327535577140275
CI,SP,sub-43,2,0.4034334763948498,0.31849198752585917,0.27467811158798283,0.13733905579399142,0.07296137339055794,0.057065037966325526
CI,MO,sub-01,2,0.463519313304721,0.3540772532188841,0.06866952789699571,0.05782697086062797,0.30042918454935624,0.2905281661818107
CI,MO,sub-02,2,0.12875536480686695,0.06580829756795423,0.4592274678111588,0.41209481356630345,0.4291845493562232,0.36057206975314154
CI,MO,sub-19,2,0.06437768240343347,0.040899325840546216,0.12017167381974249,0.1865602208949848,0.592274678111588,0.6254882558299939
CI,MO,sub-25,2,0.12875536480686695,0.06415979178452418,0.0,0.0,0.008583690987124463,0.009477670904106743
CI,MO,sub-30,2,0.06866952789699571,0.00886058424477364,0.51931330472103,0.5738786040450289,0.10300429184549356,0.03582329811636985
CI,MO,sub-43,2,0.0,0.0,0.0,0.0,0.0,0.0
MO,SP,sub-01,2,0.48497854077253216,0.3671738847704513,0.060085836909871244,0.016022889842632337,0.4206008583690987,0.4248493518879785
MO,SP,sub-02,2,0.11158798283261803,0.054398334893026555,0.0,0.0,0.7167381974248928,0.7251163057366576
MO,SP,sub-19,2,0.16738197424892703,0.05751451097540224,0.351931330472103,0.3619125205319769,0.16738197424892703,0.09460720283635006
MO,SP,sub-25,2,0.0,0.0,0.18025751072961374,0.09176746000780336,0.51931330472103,0.481901368531865
MO,SP,sub-30,2,0.24892703862660945,0.10093948645340177,0.2575107296137339,0.13520230365723926,0.31759656652360513,0.1876490224129709
MO,SP,sub-43,2,0.44206008583690987,0.27102493357858165,0.13304721030042918,0.036021515452517944,0.5793991416309013,0.4806221773401778
MO,CI,sub-01,2,0.030042918454935622,0.023731380964402932,0.3090128755364807,0.3059200217998501,0.48497854077253216,0.4706058046449335
MO,CI,sub-02,2,0.44206008583690987,0.3954483849107749,0.06866952789699571,0.09952105492318218,0.41630901287553645,0.3757353353974585
MO,CI,sub-19,2,0.10300429184549356,0.019389043170916435,0.12875536480686695,0.09786868753093794,0.8583690987124464,0.8234612941433368
MO,CI,sub-25,2,0.08583690987124463,0.01886525491675706,0.0,0.0,0.26609442060085836,0.22144770573494255
MO,CI,sub-30,2,0.19742489270386265,0.11400158596614364,0.18454935622317598,0.062485215099185566,0.2532188841201717,0.1491301816183398
MO,CI,sub-43,2,0.4334763948497854,0.26216237053789415,0.02575107296137339,0.029006167870360887,0.004291845493562232,0.0029712776493892377
SP,CI,sub-01,3,0.21030042918454936,0.11359837361644455,0.6695278969957081,0.6768115772081827,0.31759656652360513,0.31053164587851667
SP,CI,sub-02,3,0.34334763948497854,0.175513170343759,0.004291845493562232,0.00604485280783413,0.5836909871244635,0.5428120717879832
SP,CI,sub-19,3,0.33047210300429186,0.25410578506361026,0.33047210300429186,0.33929553993931677,0.33047210300429186,0.33021748492938985
SP,CI,sub-25,3,0.34334763948497854,0.313304721030043,0.02145922746781116,0.023356982277889692,0.6952789699570815,0.7087875298836972
SP,CI,sub-30,3,0.4721030042918455,0.30280659167407,0.0944206008583691,0.016292182108895062,0.26180257510729615,0.27329249094611907
SP,CI,sub-43,3,0.43776824034334766,0.27376772011965145,0.0,0.0,0.0,0.0
SP,MO,sub-01,3,0.6952789699570815,0.5849443931414434,0.012875536480686695,0.017668434691068102,0.6824034334763949,0.6865669986489902
SP,MO,sub-02,3,0.3133047210300429,0.15247496423462087,0.0,0.0,0.7124463519313304,0.6293966771565432
SP,MO,sub-19,3,0.1459227467811159,0.0666165579547866,0.04291845493562232,0.044611216752933995,0.27896995708154504,0.3400881851665815
SP,MO,sub-25,3,0.02145922746781116,0.0011444921316165948,0.004291845493562232,0.002882582794183588,0.7811158798283262,0.7694777888019773
SP,MO,sub-30,3,0.6824034334763949,0.5997064452000074,0.0815450643776824,0.12526011184809469,0.8326180257510729,0.8408089988498976
SP,MO,sub-43,3,0.6781115879828327,0.5870774295960962,0.017167381974248927,0.020846106683016553,0.3905579399141631,0.4775868517434779
CI,SP,sub-01,3,0.48497854077253216,0.35075762051690856,0.927038626609442,0.9001923143723074,0.19313304721030042,0.19349070100143062
CI,SP,sub-02,3,0.18025751072961374,0.07978121863119374,0.2575107296137339,0.13324253819002826,0.575107296137339,0.574604151483251
CI,SP,sub-19,3,0.11158798283261803,0.10177805027590438,0.38626609442060084,0.39277775383156505,0.30042918454935624,0.32713274602816045
CI,SP,sub-25,3,0.30042918454935624,0.20188556855845524,0.0,0.0,0.7854077253218884,0.7571479090744173
CI,SP,sub-30,3,0.575107296137339,0.4274634500020638,0.5622317596566524,0.4175474122301865,0.5064377682403434,0.3433965494051331
CI,SP,sub-43,3,0.51931330472103,0.4144050796305375,0.060085836909871244,0.07097422254087807,0.008583690987124463,0.010394928534866323
CI,MO,sub-01,3,0.5278969957081545,0.3942922276903846,0.004291845493562232,0.0029712776493892377,0.14163090128755365,0.15961770035935594
CI,MO,sub-02,3,0.03862660944206009,0.044058476394849784,0.008583690987124463,0.01176508865193048,0.40772532188841204,0.39743499321263226
CI,MO,sub-19,3,0.05150214592274678,0.04288055140884493,0.04291845493562232,0.05139810118350891,0.5321888412017167,0.5961751359233507
CI,MO,sub-25,3,0.2145922746781116,0.19254769438499003,0.004291845493562232,0.0026456581809630197,0.37339055793991416,0.3691951584124994
CI,MO,sub-30,3,0.09012875536480687,0.05861827548905853,0.02575107296137339,0.011426115761422983,0.09012875536480687,0.1377917957741251
CI,MO,sub-43,3,0.5965665236051502,0.5605150214592275,0.8497854077253219,0.8112374206935524,0.22746781115879827,0.3012720261114722
MO,SP,sub-01,3,0.4291845493562232,0.2959893443836022,0.008583690987124463,0.008941344778254649,0.48068669527896996,0.45242973604332926
MO,SP,sub-02,3,0.2446351931330472,0.14919426200395872,0.008583690987124463,0.013817648906102795,0.6909871244635193,0.6650746325344676
MO,SP,sub-19,3,0.17167381974248927,0.0566578657816008,0.3776824034334764,0.28287217806079346,0.17167381974248927,0.09030095042364639
MO,SP,sub-25,3,0.18025751072961374,0.07764938923737208,0.008583690987124463,0.013562231759656653,0.6008583690987125,0.5297915881829587
MO,SP,sub-30,3,0.2532188841201717,0.10232817919924746,0.08583690987124463,0.09956954567387052,0.3218884120171674,0.30951406665841924
MO,SP,sub-43,3,0.44206008583690987,0.27102493357858165,0.0,0.0,0.6051502145922747,0.5449880927790547
MO,CI,sub-01,3,0.3948497854077253,0.2958512160228899,0.02575107296137339,0.03241876149601473,0.06866952789699571,0.05986432230375191
MO,CI,sub-02,3,0.22317596566523606,0.2173791873362689,0.14163090128755365,0.16716427194128258,0.2832618025751073,0.33705841081620913
MO,CI,sub-19,3,0.2145922746781116,0.14287295024274627,0.11158798283261803,0.12137640237933889,0.11158798283261803,0.10282625973613099
MO,CI,sub-25,3,0.3133047210300429,0.21114087797030923,0.0,0.0,0.21030042918454936,0.20200813086009065
MO,CI,sub-30,3,0.18454935622317598,0.057504509547801216,0.24892703862660945,0.09922864769995429,0.2875536480686695,0.28979178503403863
MO,CI,sub-43,3,0.4334763948497854,0.26216237053789415,0.7725321888412017,0.7226372380774139,0.37339055793991416,0.37059877494895616
SP,CI,sub-01,4,0.36909871244635195,0.2443875866622648,0.5793991416309013,0.5039072090337263,0.9699570815450643,0.969848299622347
SP,CI,sub-02,4,0.34334763948497854,0.175513170343759,0.0944206008583691,0.06948702227672185,0.2532188841201717,0.27162573780177096
SP,CI,sub-19,4,0.5364806866952789,0.4665439346161997,0.5278969957081545,0.4992976451852926,0.34334763948497854,0.34231303402068725
SP,CI,sub-25,4,0.27896995708154504,0.17873997376660908,0.6137339055793991,0.62369316809858,0.6351931330472103,0.6396655242322823
SP,CI,sub-30,4,0.4592274678111588,0.2971471850542792,0.26180257510729615,0.26657260240951225,0.18025751072961374,0.18768174890366252
SP,CI,sub-43,4,0.6180257510729614,0.5118183902242265,0.4334763948497854,0.43134104315101796,0.08583690987124463,0.12041010968049595
SP,MO,sub-01,4,0.41630901287553645,0.33471859513420776,0.2918454935622318,0.3025992977731943,0.6652360515021459,0.6856008297185948
SP,MO,sub-02,4,0.3133047210300429,0.1494852590535499,0.2145922746781116,0.2145922746781116,0.04291845493562232,0.04901469599491495
SP,MO,sub-19,4,0.004291845493562232,0.007910460321467642,0.008583690987124463,0.004793271585553242,0.012875536480686695,0.017644253695755844
SP,MO,sub-25,4,0.36909871244635195,0.3541058033645096,0.012875536480686695,0.0024524831391784184,0.7296137339055794,0.7527056295882447
SP,MO,sub-30,4,0.06866952789699571,0.010932462152755536,0.6781115879828327,0.6580298162089481,0.8454935622317596,0.8512237895302581
SP,MO,sub-43,4,0.3605150214592275,0.41693175124126897,0.06437768240343347,0.03714097061736547,0.8626609442060086,0.8631506766353783
CI,SP,sub-01,4,0.9012875536480687,0.8733314803919091,0.48068669527896996,0.44854517489468826,0.9699570815450643,0.9700503063451041
CI,SP,sub-02,4,0.04291845493562232,0.023164583975529368,0.034334763948497854,0.01873056824587675,0.12017167381974249,0.16505691251775786
CI,SP,sub-19,4,0.017167381974248927,0.012620729338590044,0.4334763948497854,0.35127297946547925,0.33047210300429186,0.3428648068669528
CI,SP,sub-25,4,0.07725321888412018,0.12708380393042693,0.463519313304721,0.47191435174267793,0.7896995708154506,0.7603777104738223
CI,SP,sub-30,4,0.5107296137339056,0.34532286383144756,0.18025751072961374,0.19347558789298588,0.41201716738197425,0.47295139235452643
CI,SP,sub-43,4,0.45493562231759654,0.350639070733094,0.4592274678111588,0.4084658138516735,0.21888412017167383,0.21609073783616148
CI,MO,sub-01,4,0.5407725321888412,0.47020300361808637,0.008583690987124463,0.014753218884120171,0.13733905579399142,0.14319711978520433
CI,MO,sub-02,4,0.15450643776824036,0.11724802232180999,0.41630901287553645,0.34890242428853374,0.38197424892703863,0.3610886463334999
CI,MO,sub-19,4,0.4206008583690987,0.30189102345754704,0.008583690987124463,0.012225256860449995,0.15879828326180256,0.13504053409632807
CI,MO,sub-25,4,0.463519313304721,0.4084515120811059,0.02145922746781116,0.0024524831391784184,0.20600858369098712,0.25564583152894005
CI,MO,sub-30,4,0.06866952789699571,0.008824999569091817,0.09871244635193133,0.10941847851719096,0.703862660944206,0.7038741556760267
CI,MO,sub-43,4,0.008583690987124463,0.011542324901835448,0.017167381974248927,0.014592274678111588,0.24034334763948498,0.30624394295998897
MO,SP,sub-01,4,0.4291845493562232,0.25776849811184577,0.5021459227467812,0.47872454813339516,0.47639484978540775,0.4237521673490108
MO,SP,sub-02,4,0.13304721030042918,0.05544042977381876,0.13733905579399142,0.12116648755456073,0.08583690987124463,0.12131750610607997
MO,SP,sub-19,4,0.5236051502145923,0.449122149969948,0.034334763948497854,0.038595371519957664,0.0815450643776824,0.08779237487222534
MO,SP,sub-25,4,0.12446351931330472,0.07154085668602204,0.017167381974248927,0.02119098712446352,0.6008583690987125,0.4767218983511398
MO,SP,sub-30,4,0.2532188841201717,0.10232817919924746,0.2532188841201717,0.17172315129988652,0.3218884120171674,0.25819976059093164
MO,SP,sub-43,4,0.44206008583690987,0.27102493357858165,0.0815450643776824,0.12094324154892222,0.5064377682403434,0.487651715676016
MO,CI,sub-01,4,0.39914163090128757,0.240379113018598,0.004291845493562232,0.0072041692213366025,0.19313304721030042,0.11137734010900761
MO,CI,sub-02,4,0.34334763948497854,0.24010232743718413,0.5064377682403434,0.5164376722259028,0.49356223175965663,0.5113638489659533
MO,CI,sub-19,4,0.12017167381974249,0.04711496669563228,0.004291845493562232,0.001985779258215361,0.2532188841201717,0.30691223556661573
MO,CI,sub-25,4,0.004291845493562232,0.0023038477974100294,0.017167381974248927,0.024468452469044447,0.2532188841201717,0.16102123913282712
MO,CI,sub-30,4,0.18454935622317598,0.057504509547801216,0.5622317596566524,0.514886846789565,0.26609442060085836,0.23370313385699246
MO,CI,sub-43,4,0.4334763948497854,0.26216237053789415,0.39914163090128757,0.3220246610804551,0.33905579399141633,0.3261393827917433
SP,CI,sub-01,5,0.07725321888412018,0.05878219138738437,0.6609442060085837,0.5851992711025945,0.3133047210300429,0.30402182901186736
SP,CI,sub-02,5,0.34334763948497854,0.17607571255639926,0.6609442060085837,0.5393173385650517,0.22317596566523606,0.2045731507866355
SP,CI,sub-19,5,0.04721030042918455,0.03337219740300463,0.33476394849785407,0.2326183876594416,0.34334763948497854,0.3379326942360917
SP,CI,sub-25,5,0.07296137339055794,0.057162347075089014,0.10300429184549356,0.04946960852657836,0.5879828326180258,0.5520769466584918
SP,CI,sub-30,5,0.5278969957081545,0.42328232736715443,0.0,0.0,0.3605150214592275,0.4054220003054472
SP,CI,sub-43,5,0.4978540772532189,0.3797119032138318,0.0,0.0,0.02575107296137339,0.04559206360374306
SP,MO,sub-01,5,0.034334763948497854,0.038936330250873855,0.008583690987124463,0.011444921316165951,0.6866952789699571,0.6909372909020155
SP,MO,sub-02,5,0.3133047210300429,0.1494852590535499,0.34763948497854075,0.3410371422117525,0.44206008583690987,0.32303469241773963
SP,MO,sub-19,5,0.1888412017167382,0.16309176296592875,0.8884120171673819,0.8524580062804754,0.07725321888412018,0.11171685785918743
SP,MO,sub-25,5,0.012875536480686695,0.008743297032690042,0.7296137339055794,0.67719740564676,0.759656652360515,0.7633857991251588
SP,MO,sub-30,5,0.30472103004291845,0.3621750749048505,0.2532188841201717,0.25996321275291234,0.7725321888412017,0.8119547532890122
SP,MO,sub-43,5,0.004291845493562232,0.005948347263007303,0.06866952789699571,0.039257310751149875,0.7939914163090128,0.8164502953251032
CI,SP,sub-01,5,0.008583690987124463,0.008988158101701008,0.5965665236051502,0.5791381273539459,0.40772532188841204,0.3926440000405848
CI,SP,sub-02,5,0.721030042918455,0.621388486428732,0.26180257510729615,0.1272749659744437,0.4291845493562232,0.44005998991526496
CI,SP,sub-19,5,0.2446351931330472,0.20563947259226228,0.17167381974248927,0.10438788679132027,0.36909871244635195,0.3516716344958599
CI,SP,sub-25,5,0.48497854077253216,0.33332777417300985,0.18025751072961374,0.17206398751463128,0.7896995708154506,0.7599224191946051
CI,SP,sub-30,5,0.5064377682403434,0.3433965494051331,0.012875536480686695,0.021280400572246068,0.40772532188841204,0.46951699828228644
CI,SP,sub-43,5,0.5236051502145923,0.48096570375435654,0.11158798283261803,0.05204590915270037,0.04291845493562232,0.03612441380681724
CI,MO,sub-01,5,0.5107296137339056,0.3812306769114367,0.02575107296137339,0.03416274809474338,0.4291845493562232,0.48417042004958977
CI,MO,sub-02,5,0.008583690987124463,0.007613360701623437,0.21030042918454936,0.1459227467811159,0.004291845493562232,0.004607422368088867
CI,MO,sub-19,5,0.12875536480686695,0.10046393953926971,0.5579399141630901,0.5369860068143149,0.02575107296137339,0.018601637506336664
CI,MO,sub-25,5,0.0,0.0,0.034334763948497854,0.01957109991430532,0.1459227467811159,0.15565092989985693
CI,MO,sub-30,5,0.06866952789699571,0.008824999569091817,0.004291845493562232,0.007350674602233656,0.45064377682403434,0.5407725321888412
CI,MO,sub-43,5,0.3133047210300429,0.3476143820183693,0.11158798283261803,0.11158798283261803,0.351931330472103,0.4073637378358408
MO,SP,sub-01,5,0.48068669527896996,0.39045657706239656,0.0,0.0,0.5150214592274678,0.5033468253137466
MO,SP,sub-02,5,0.5708154506437768,0.4789824337233073,0.26609442060085836,0.25134227881300464,0.463519313304721,0.4231421155781557
MO,SP,sub-19,5,0.49356223175965663,0.35537113899819595,0.9785407725321889,0.9786662797696892,0.27467811158798283,0.21651110990384093
MO,SP,sub-25,5,0.012875536480686695,0.00829147535375997,0.5150214592274678,0.4362999774113395,0.5536480686695279,0.4689168073998914
MO,SP,sub-30,5,0.2532188841201717,0.10232817919924746,0.5622317596566524,0.5685878260985557,0.3218884120171674,0.3155872024970737
MO,SP,sub-43,5,0.44206008583690987,0.27102493357858165,0.3905579399141631,0.392350461267533,0.5965665236051502,0.49785600729422397
MO,CI,sub-01,5,0.3948497854077253,0.22840541432816108,0.030042918454935622,0.03013448544018306,0.3648068669527897,0.3430373170868291
MO,CI,sub-02,5,0.4678111587982833,0.3921141700687394,0.27467811158798283,0.21129994630972204,0.012875536480686695,0.013458224992951351
MO,CI,sub-19,5,0.08583690987124463,0.018476106160626646,0.38197424892703863,0.360332794250865,0.3133047210300429,0.2962772666499795
MO,CI,sub-25,5,0.060085836909871244,0.013973450444156106,0.26609442060085836,0.16334508987379426,0.09871244635193133,0.0779639703671305
MO,CI,sub-30,5,0.18454935622317598,0.057504509547801216,0.08583690987124463,0.05994958784658355,0.24034334763948498,0.2137297985502187
MO,CI,sub-43,5,0.4334763948497854,0.26216237053789415,0.08583690987124463,0.08583690987124463,0.3090128755364807,0.3042572852300218
SP,CI,sub-01,6,0.39914163090128757,0.29579827199711617,0.5793991416309013,0.47941210836197407,0.7081545064377682,0.7018513001607919
SP,CI,sub-02,6,0.34334763948497854,0.175513170343759,0.5236051502145923,0.5233085592658502,0.41630901287553645,0.38667134804473857
SP,CI,sub-19,6,0.20600858369098712,0.16282364161687565,0.3261802575107296,0.28363500653106927,0.3261802575107296,0.30166960232206214
SP,CI,sub-25,6,0.3218884120171674,0.2102128405010073,0.008583690987124463,0.009537434430138294,0.5836909871244635,0.5520392044108832
SP,CI,sub-30,6,0.4721030042918455,0.3176228163431376,0.2317596566523605,0.23883885870538976,0.27467811158798283,0.24797843665768193
SP,CI,sub-43,6,0.6781115879828327,0.5592086950329818,0.2918454935622318,0.239022779795312,0.3218884120171674,0.24912436485619852
SP,MO,sub-01,6,0.4034334763948498,0.28176306287894276,0.6909871244635193,0.6849798006097612,0.5536480686695279,0.6044419593382901
SP,MO,sub-02,6,0.3133047210300429,0.16106510306474037,0.26609442060085836,0.2686684203239651,0.40772532188841204,0.3673357218192506
SP,MO,sub-19,6,0.1759656652360515,0.09104333542972592,0.9527896995708155,0.9460357223992583,0.2317596566523605,0.279303100960847
SP,MO,sub-25,6,0.008583690987124463,0.0008956894943086398,0.3905579399141631,0.37410304215813955,0.7682403433476395,0.7629429261430823
SP,MO,sub-30,6,0.06866952789699571,0.010878341052989422,0.1759656652360515,0.26043244551039296,0.6437768240343348,0.725511425448333
SP,MO,sub-43,6,0.06437768240343347,0.010218679746576743,0.06437768240343347,0.06035407725321888,0.6008583690987125,0.678760543504295
CI,SP,sub-01,6,0.43776824034334766,0.329991461545856,0.48497854077253216,0.5275233955696491,0.871244635193133,0.8700921951994914
CI,SP,sub-02,6,0.21888412017167383,0.1260150011024887,0.648068669527897,0.6551195585530349,0.4206008583690987,0.4597768117802742
CI,SP,sub-19,6,0.3090128755364807,0.219411527323396,0.27467811158798283,0.20770984844166104,0.33047210300429186,0.33172259163464823
CI,SP,sub-25,6,0.40772532188841204,0.3078742226504335,0.008583690987124463,0.010234400792340708,0.5321888412017167,0.5780616791231151
CI,SP,sub-30,6,0.5064377682403434,0.3433965494051331,0.41630901287553645,0.4193776332976498,0.48497854077253216,0.5452349933018992
CI,SP,sub-43,6,0.5321888412017167,0.46595668639036386,0.27896995708154504,0.20730171266503183,0.33476394849785407,0.3247531054639123
CI,MO,sub-01,6,0.45493562231759654,0.3574494175352544,0.45493562231759654,0.450800907753105,0.6094420600858369,0.635901759185021
CI,MO,sub-02,6,0.3648068669527897,0.30309558307947676,0.2703862660944206,0.19467811158798284,0.21030042918454936,0.1541428354733076
CI,MO,sub-19,6,0.11587982832618025,0.07460756070315715,0.37339055793991416,0.38984650425521344,0.2703862660944206,0.23121335031206275
CI,MO,sub-25,6,0.15450643776824036,0.21125254162391613,0.004291845493562232,0.0005049229992426155,0.034334763948497854,0.04849399264066695
CI,MO,sub-30,6,0.055793991416309016,0.007257754980983286,0.6609442060085837,0.6525245345944617,0.31759656652360513,0.41876008977438284
CI,MO,sub-43,6,0.6781115879828327,0.5853764877317689,0.06437768240343347,0.02971277649389237,0.2532188841201717,0.3019515750263179
MO,SP,sub-01,6,0.4248927038626609,0.25595946015822946,0.44206008583690987,0.4726549167411022,0.47639484978540775,0.4178533513596893
MO,SP,sub-02,6,0.04291845493562232,0.04907487103876778,0.12875536480686695,0.06591183188362831,0.44635193133047213,0.4865696229478178
MO,SP,sub-19,6,0.20600858369098712,0.12191901474155625,0.7381974248927039,0.6593902731605888,0.26609442060085836,0.2024863130918686
MO,SP,sub-25,6,0.1459227467811159,0.0641754488461452,0.33905579399141633,0.33905579399141633,0.5407725321888412,0.4840210963391035
MO,SP,sub-30,6,0.2532188841201717,0.10232817919924746,0.22317596566523606,0.11652550419689314,0.3218884120171674,0.2284547061118634
MO,SP,sub-43,6,0.44206008583690987,0.27102493357858165,0.27896995708154504,0.2766638908461982,0.38197424892703863,0.35438318010148395
MO,CI,sub-01,6,0.5021459227467812,0.34937443698168236,0.3090128755364807,0.31281568803709725,0.48068669527896996,0.4480122008407977
MO,CI,sub-02,6,0.04291845493562232,0.06447959427930076,0.008583690987124463,0.006832788845472209,0.34763948497854075,0.29928298303653794
MO,CI,sub-19,6,0.017167381974248927,0.003506529084101909,0.7510729613733905,0.7432041649347154,0.4206008583690987,0.4610515021459228
MO,CI,sub-25,6,0.0815450643776824,0.0148263753413968,0.0,0.0,0.26609442060085836,0.16334508987379426
MO,CI,sub-30,6,0.18454935622317598,0.057504509547801216,0.18025751072961374,0.18025751072961374,0.27896995708154504,0.27477565353101835
MO,CI,sub-43,6,0.4334763948497854,0.26216237053789415,0.39914163090128757,0.4279756449072751,0.3133047210300429,0.2636981402002861
SP,CI,sub-01,7,0.5879828326180258,0.4757458233926934,0.43776824034334766,0.33656889853941546,0.351931330472103,0.377616869846938
SP,CI,sub-02,7,0.33047210300429186,0.17111824103782097,0.33905579399141633,0.28720441799659086,0.1888412017167382,0.1562023358995811
SP,CI,sub-19,7,0.18454935622317598,0.14656818328333723,0.017167381974248927,0.01445674271515699,0.3562231759656652,0.33260452280682135
SP,CI,sub-25,7,0.3133047210300429,0.28234814588625556,0.3261802575107296,0.23939835413631533,0.5836909871244635,0.5478235031600878
SP,CI,sub-30,7,0.4721030042918455,0.30280659167407,0.18454935622317598,0.2273757140535367,0.4248927038626609,0.46233679933758287
SP,CI,sub-43,7,0.13733905579399142,0.1394094938210365,0.33476394849785407,0.27436019710697823,0.1072961373390558,0.11058071297188403
SP,MO,sub-01,7,0.1459227467811159,0.1231043565398714,0.5450643776824035,0.4455413966178124,0.27896995708154504,0.2902445160797906
SP,MO,sub-02,7,0.3133047210300429,0.1494852590535499,0.26609442060085836,0.26193669527896996,0.30472103004291845,0.282898158523436
SP,MO,sub-19,7,0.012875536480686695,0.018097790726048987,0.6137339055793991,0.6178559851328704,0.23605150214592274,0.25696946838564866
SP,MO,sub-25,7,0.030042918454935622,0.010086186219054117,0.39914163090128757,0.3794106633637699,0.7639484978540773,0.8065742738667981
SP,MO,sub-30,7,0.06437768240343347,0.008306797729475287,0.0,0.0,0.6609442060085837,0.7369572487598238
SP,MO,sub-43,7,0.21030042918454936,0.22202650611985375,0.004291845493562232,0.0063972791319135145,0.5064377682403434,0.5779258215360963
CI,SP,sub-01,7,0.8798283261802575,0.853045498826047,0.18025751072961374,0.21146406335005746,0.4248927038626609,0.41277562050094246
CI,SP,sub-02,7,0.030042918454935622,0.02302715537435052,0.18454935622317598,0.19664164061329842,0.31759656652360513,0.35710320324916395
CI,SP,sub-19,7,0.22746781115879827,0.08589693568234341,0.0,0.0,0.30472103004291845,0.2672436244359268
CI,SP,sub-25,7,0.721030042918455,0.653423981161457,0.463519313304721,0.42770317226080196,0.721030042918455,0.7187662605525109
CI,SP,sub-30,7,0.48497854077253216,0.33359795579151064,0.6738197424892703,0.5889617618034525,0.38626609442060084,0.44397331816536534
CI,SP,sub-43,7,0.721030042918455,0.6635009323358889,0.4206008583690987,0.3815895489573305,0.03862660944206009,0.03651247758824483
CI,MO,sub-01,7,0.4034334763948498,0.3374728699880873,0.02145922746781116,0.02004638392024098,0.3261802575107296,0.3607398381080962
CI,MO,sub-02,7,0.38626609442060084,0.2700284896090224,0.51931330472103,0.367951239866476,0.38626609442060084,0.3281648903819695
CI,MO,sub-19,7,0.004291845493562232,0.002208425351056294,0.2017167381974249,0.09116044899306702,0.2317596566523605,0.24618893498906677
CI,MO,sub-25,7,0.48068669527896996,0.4323280556857936,0.02145922746781116,0.0024524831391784184,0.3218884120171674,0.36696766195647895
CI,MO,sub-30,7,0.06866952789699571,0.008824999569091817,0.04721030042918455,0.0539546290619252,0.26609442060085836,0.35964749991010986
CI,MO,sub-43,7,0.5836909871244635,0.5012129128568763,0.004291845493562232,0.004707185380035997,0.2017167381974249,0.27142471262642937
MO,SP,sub-01,7,0.4291845493562232,0.25776849811184577,0.5493562231759657,0.515857363401503,0.23605150214592274,0.21389736972746076
MO,SP,sub-02,7,0.27896995708154504,0.22697920275810735,0.05150214592274678,0.01736027390654386,0.22746781115879827,0.25039377353807807
MO,SP,sub-19,7,0.1759656652360515,0.06534389581965903,0.51931330472103,0.4522281122235945,0.11587982832618025,0.1087600484040056
MO,SP,sub-25,7,0.33905579399141633,0.2652020566863553,0.51931330472103,0.4753437742033155,0.6008583690987125,0.5355190921072439
MO,SP,sub-30,7,0.2532188841201717,0.10232817919924746,0.06437768240343347,0.06722625242128452,0.3218884120171674,0.21377990565499816
MO,SP,sub-43,7,0.44206008583690987,0.27102493357858165,0.012875536480686695,0.0210074542579625,0.43776824034334766,0.39636772529733033
MO,CI,sub-01,7,0.39914163090128757,0.23376519192972606,0.27896995708154504,0.18253749505472147,0.3905579399141631,0.3216545158086099
MO,CI,sub-02,7,0.27896995708154504,0.1984653400962414,0.004291845493562232,0.008415383320710257,0.592274678111588,0.5520503413503471
MO,CI,sub-19,7,0.27467811158798283,0.24814230012157226,0.4291845493562232,0.4212348312832622,0.22746781115879827,0.20370270844370053
MO,CI,sub-25,7,0.008583690987124463,0.016697042742077724,0.0,0.0,0.3133047210300429,0.19023062641655017
MO,CI,sub-30,7,0.18454935622317598,0.057504509547801216,0.5107296137339056,0.5205001715613206,0.2703862660944206,0.17175738136012136
MO,CI,sub-43,7,0.4334763948497854,0.26216237053789415,0.0,0.0,0.3562231759656652,0.28406854044983704
SP,CI,sub-01,8,0.22317596566523606,0.10882679175077986,0.5708154506437768,0.5791500449425183,0.34334763948497854,0.3511863609521955
SP,CI,sub-02,8,0.34334763948497854,0.1766418724038475,0.8369098712446352,0.7964572281609041,0.2703862660944206,0.28327194471523
SP,CI,sub-19,8,0.13304721030042918,0.08906926212581033,0.02145922746781116,0.007919476803596975,0.3261802575107296,0.32823170567117443
SP,CI,sub-25,8,0.10300429184549356,0.08956894943086396,0.017167381974248927,0.017495421120253683,0.6523605150214592,0.6698256845421303
SP,CI,sub-30,8,0.4721030042918455,0.30280659167407,0.012875536480686695,0.007143846047348746,0.5450643776824035,0.540289248746709
SP,CI,sub-43,8,0.4248927038626609,0.25930007909443364,0.12446351931330472,0.13373207926216785,0.26609442060085836,0.2868359053967674
SP,MO,sub-01,8,0.41201716738197425,0.3344788812694994,0.47639484978540775,0.4867274349988844,0.5321888412017167,0.5427405296882702
SP,MO,sub-02,8,0.3133047210300429,0.1494852590535499,0.008583690987124463,0.005090328376085437,0.34334763948497854,0.2779797693960784
SP,MO,sub-19,8,0.22317596566523606,0.10780667059384558,0.012875536480686695,0.007335154116269998,0.30042918454935624,0.3640123306617952
SP,MO,sub-25,8,0.34334763948497854,0.2560561726726055,0.02145922746781116,0.0013412017167381974,0.6051502145922747,0.6508142755836067
SP,MO,sub-30,8,0.06866952789699571,0.009350744224271757,0.0944206008583691,0.08673684452926428,0.44206008583690987,0.554470209605394
SP,MO,sub-43,8,0.6738197424892703,0.5944071835337158,0.11158798283261803,0.1055013655872025,0.7081545064377682,0.7077857791949581
CI,SP,sub-01,8,0.6137339055793991,0.48053870060677817,0.7424892703862661,0.742515835272406,0.48497854077253216,0.46492204655681746
CI,SP,sub-02,8,0.19742489270386265,0.12247894414146955,0.7296137339055794,0.7070896630168353,0.33476394849785407,0.3421478057394535
CI,SP,sub-19,8,0.575107296137339,0.45356610238954476,0.008583690987124463,0.00955709924339631,0.3605150214592275,0.3528663857615143
CI,SP,sub-25,8,0.703862660944206,0.6534216856105267,0.008583690987124463,0.009175669675891666,0.5665236051502146,0.6244360164507596
CI,SP,sub-30,8,0.5107296137339056,0.35029869760423493,0.012875536480686695,0.017215604957322665,0.6094420600858369,0.6335058604556904
CI,SP,sub-43,8,0.44206008583690987,0.2783162216339853,0.07725321888412018,0.058410970375798184,0.13733905579399142,0.14151050298162865
CI,MO,sub-01,8,0.008583690987124463,0.008070136825501633,0.4978540772532189,0.41206552620443687,0.3133047210300429,0.30593812055601816
CI,MO,sub-02,8,0.3090128755364807,0.22842826435467753,0.26609442060085836,0.17106069895769466,0.3776824034334764,0.29294142200636253
CI,MO,sub-19,8,0.12017167381974249,0.06332282519086067,0.07725321888412018,0.04145294671830838,0.31759656652360513,0.2787260938310856
CI,MO,sub-25,8,0.13733905579399142,0.06944109562617544,0.0,0.0,0.09012875536480687,0.13801671560876438
CI,MO,sub-30,8,0.030042918454935622,0.004039383993940923,0.7081545064377682,0.706479163656387,0.2703862660944206,0.35071962623584707
CI,MO,sub-43,8,0.24034334763948498,0.2627975704293331,0.6824034334763949,0.6246193440819304,0.2875536480686695,0.3482158949970109
MO,SP,sub-01,8,0.703862660944206,0.6254562701398221,0.4206008583690987,0.4248493518879785,0.47639484978540775,0.42739902508159516
MO,SP,sub-02,8,0.5536480686695279,0.5033166358933087,0.008583690987124463,0.01058922626448999,0.3648068669527897,0.39569602372966567
MO,SP,sub-19,8,0.4978540772532189,0.38015619787706084,0.012875536480686695,0.014484978540772532,0.2575107296137339,0.20693402084883575
MO,SP,sub-25,8,0.10300429184549356,0.05181054200611652,0.18025751072961374,0.0875238780421246,0.5579399141630901,0.4646188997797481
MO,SP,sub-30,8,0.2532188841201717,0.10232817919924746,0.23605150214592274,0.2284215546018121,0.3218884120171674,0.19095187742323402
MO,SP,sub-43,8,0.44206008583690987,0.27102493357858165,0.6094420600858369,0.5493877054202164,0.5536480686695279,0.48119243707226544
MO,CI,sub-01,8,0.6137339055793991,0.49270279548013357,0.48068669527896996,0.42406988576516474,0.23605150214592274,0.18791401777339486
MO,CI,sub-02,8,0.2575107296137339,0.18558518191593215,0.3562231759656652,0.2844287973114948,0.463519313304721,0.4455265187647432
MO,CI,sub-19,8,0.03862660944206009,0.05258999453539698,0.2317596566523605,0.17577751593925073,0.23605150214592274,0.28094311876769984
MO,CI,sub-25,8,0.34763948497854075,0.2527581063819291,0.0,0.0,0.2446351931330472,0.1605013965528987
MO,CI,sub-30,8,0.18454935622317598,0.057504509547801216,0.24892703862660945,0.237280622216849,0.24034334763948498,0.1537602447117891
MO,CI,sub-43,8,0.4334763948497854,0.26216237053789415,0.51931330472103,0.37330415908627945,0.34334763948497854,0.24153857498930725
SP,CI,sub-01,9,0.17167381974248927,0.10008881391252572,0.6952789699570815,0.6037822751077433,0.4678111587982833,0.48901350874199234
SP,CI,sub-02,9,0.34334763948497854,0.175513170343759,0.18454935622317598,0.1963291023650808,0.3261802575107296,0.29410890664768546
SP,CI,sub-19,9,0.4678111587982833,0.39252090599393474,0.48068669527896996,0.4677576840274821,0.36909871244635195,0.39778873641745777
SP,CI,sub-25,9,0.33905579399141633,0.22698295832061344,0.02145922746781116,0.022009464069549907,0.6351931330472103,0.6359356082327389
SP,CI,sub-30,9,0.4721030042918455,0.3045825834140939,0.0,0.0,0.5064377682403434,0.4914908579326665
SP,CI,sub-43,9,0.5021459227467812,0.45051761510936167,0.30472103004291845,0.1757466935271963,0.12017167381974249,0.14234045097596304
SP,MO,sub-01,9,0.44206008583690987,0.32635308350375897,0.0815450643776824,0.05256678976611106,0.3218884120171674,0.32101097008503227
SP,MO,sub-02,9,0.3090128755364807,0.14792091746992192,0.008583690987124463,0.008583690987124463,0.5407725321888412,0.4685485641164406
SP,MO,sub-19,9,0.12875536480686695,0.06801964040517322,0.0,0.0,0.26609442060085836,0.33654199877375846
SP,MO,sub-25,9,0.02145922746781116,0.0010865431629271472,0.19313304721030042,0.1974007812123258,0.7253218884120172,0.7493554473367622
SP,MO,sub-30,9,0.06866952789699571,0.00886058424477364,0.27467811158798283,0.21775951894608797,0.5364806866952789,0.645019416974636
SP,MO,sub-43,9,0.2832618025751073,0.3062139749137772,0.0944206008583691,0.1035580783607919,0.44206008583690987,0.5162896322067809
CI,SP,sub-01,9,0.4248927038626609,0.2672281156368937,0.871244635193133,0.8438214146368652,0.3218884120171674,0.3169099148277324
CI,SP,sub-02,9,0.18025751072961374,0.14030294951781566,0.19313304721030042,0.15624816942440845,0.3605150214592275,0.4123024530983106
CI,SP,sub-19,9,0.5793991416309013,0.46835647563746524,0.21888412017167383,0.16416309012875535,0.33905579399141633,0.2990423249018354
CI,SP,sub-25,9,0.08583690987124463,0.1412890728854115,0.004291845493562232,0.005869729866195405,0.7296137339055794,0.7247314658556191
CI,SP,sub-30,9,0.5064377682403434,0.3443776824034335,0.017167381974248927,0.029394510142958595,0.5236051502145923,0.5779215729430321
CI,SP,sub-43,9,0.43776824034334766,0.27727971973731835,0.11587982832618025,0.12528509721313585,0.14163090128755365,0.1650949713627692
CI,MO,sub-01,9,0.4978540772532189,0.3609375776757751,0.02575107296137339,0.030419126736124444,0.19742489270386265,0.20806822536795502
CI,MO,sub-02,9,0.012875536480686695,0.010260193133047208,0.060085836909871244,0.09180545837534275,0.3948497854077253,0.35426997128922766
CI,MO,sub-19,9,0.19742489270386265,0.09420274068103092,0.02575107296137339,0.012860987851894956,0.2532188841201717,0.22017742976786192
CI,MO,sub-25,9,0.19313304721030042,0.09196811771919067,0.40772532188841204,0.3958430622577035,0.12875536480686695,0.17822459092541512
CI,MO,sub-30,9,0.06866952789699571,0.008824999569091817,0.7167381974248928,0.6946665021230695,0.23605150214592274,0.3280108097980468
CI,MO,sub-43,9,0.7467811158798283,0.6879111160656225,0.06437768240343347,0.0482832618025751,0.3261802575107296,0.3517848511037221
MO,SP,sub-01,9,0.2575107296137339,0.23125345698308183,0.09871244635193133,0.14410576109771,0.38197424892703863,0.29413451197208107
MO,SP,sub-02,9,0.15021459227467812,0.19236370660910607,0.12446351931330472,0.07778969957081547,0.44635193133047213,0.47732118395455
MO,SP,sub-19,9,0.012875536480686695,0.014484978540772532,0.0,0.0,0.2317596566523605,0.16753630739161218
MO,SP,sub-25,9,0.33905579399141633,0.2638956426140087,0.0815450643776824,0.06736331405112894,0.51931330472103,0.4695870948645849
MO,SP,sub-30,9,0.2532188841201717,0.10232817919924746,0.06866952789699571,0.0327973864582666,0.3218884120171674,0.19677382991534534
MO,SP,sub-43,9,0.44206008583690987,0.27102493357858165,0.02145922746781116,0.02951503885042661,0.40772532188841204,0.39506352972607944
MO,CI,sub-01,9,0.04291845493562232,0.033567992763268446,0.30042918454935624,0.15421228890368474,0.30042918454935624,0.2667518370603363
MO,CI,sub-02,9,0.33047210300429186,0.3371671216233446,0.02145922746781116,0.013246436708525409,0.34763948497854075,0.35593814918959205
MO,CI,sub-19,9,0.4291845493562232,0.3579303841476387,0.02145922746781116,0.019975006114455914,0.2446351931330472,0.24475644863425727
MO,CI,sub-25,9,0.18454935622317598,0.17739628040057223,0.34334763948497854,0.24140609033312893,0.2317596566523605,0.14967811158798283
MO,CI,sub-30,9,0.18454935622317598,0.057504509547801216,0.26609442060085836,0.21649174691335765,0.2317596566523605,0.16031666622782767
MO,CI,sub-43,9,0.4334763948497854,0.26216237053789415,0.24892703862660945,0.2123201211815198,0.33476394849785407,0.2816493394262721
